model,fail_rate,strategy,availability,ci_low,ci_high,analytic,trials
F1,0.1,S1 origin only (unpinned),0.89942,0.8975404263281133,0.9012688866133207,0.9,100000
F1,0.1,S2 origin + pinning service (assumed A=0.999),0.99993,0.99985549945871,0.9999660913950558,,100000
F1,0.1,S3 cluster pinning k=2,0.98952,0.9888697535213812,0.9901326371227798,0.99,100000
F1,0.1,S3 cluster pinning k=3,0.99893,0.9987072978450509,0.9991143698377634,0.999,100000
F1,0.1,S3 cluster pinning k=5,0.99999,0.9999433514463466,0.9999982347976762,0.99999,100000
F1,0.1,S4 cluster pinning k=3 rack-aware,0.99901,0.998794973196536,0.9991866883399543,0.999,100000
F1,0.2,S1 origin only (unpinned),0.79889,0.7963941687793946,0.8013628677862886,0.8,100000
F1,0.2,S2 origin + pinning service (assumed A=0.999),0.99974,0.9996190495201377,0.9998225559311472,,100000
F1,0.2,S3 cluster pinning k=2,0.95953,0.9582908600419162,0.9607338347054104,0.96,100000
F1,0.2,S3 cluster pinning k=3,0.99167,0.9910874779426241,0.9922147475190827,0.992,100000
F1,0.2,S3 cluster pinning k=5,0.99967,0.9995366080338965,0.9997650027954217,0.99968,100000
F1,0.2,S4 cluster pinning k=3 rack-aware,0.99225,0.9916872496081093,0.9927749312927492,0.992,100000
F1,0.3,S1 origin only (unpinned),0.70073,0.6978840022378036,0.7035605758672839,0.7,100000
F1,0.3,S2 origin + pinning service (assumed A=0.999),0.9997,0.9995717658454986,0.9997898426789484,,100000
F1,0.3,S3 cluster pinning k=2,0.90918,0.9073832142515825,0.9109453488383379,0.91,100000
F1,0.3,S3 cluster pinning k=3,0.97391,0.9729036562924454,0.9748799336531635,0.973,100000
F1,0.3,S3 cluster pinning k=5,0.99774,0.9974259453073586,0.9980158138020234,0.99757,100000
F1,0.3,S4 cluster pinning k=3 rack-aware,0.97276,0.9717327617469068,0.9737509165521075,0.973,100000
F1,0.4,S1 origin only (unpinned),0.60259,0.5995530168611648,0.6056191012467459,0.6,100000
F1,0.4,S2 origin + pinning service (assumed A=0.999),0.99962,0.9994784949053571,0.9997231197654136,,100000
F1,0.4,S3 cluster pinning k=2,0.84057,0.8382879567710065,0.8428258775599339,0.84,100000
F1,0.4,S3 cluster pinning k=3,0.93589,0.9343549840098512,0.9373915269761829,0.9359999999999999,100000
F1,0.4,S3 cluster pinning k=5,0.98981,0.9891684408776765,0.9904139274860603,0.98976,100000
F1,0.4,S4 cluster pinning k=3 rack-aware,0.93674,0.9352143636773328,0.9382320820040099,0.9359999999999999,100000
F1,0.5,S1 origin only (unpinned),0.5001,0.4970010236380534,0.5031989686790419,0.5,100000
F1,0.5,S2 origin + pinning service (assumed A=0.999),0.99953,0.9993751105115048,0.9996465110738805,,100000
F1,0.5,S3 cluster pinning k=2,0.7512,0.7485108517389486,0.7538698488040593,0.75,100000
F1,0.5,S3 cluster pinning k=3,0.87685,0.8747987695654376,0.8788722774076219,0.875,100000
F1,0.5,S3 cluster pinning k=5,0.96797,0.9668605424562404,0.9690435038539165,0.96875,100000
F1,0.5,S4 cluster pinning k=3 rack-aware,0.87413,0.8720597020152439,0.8761715539328276,0.875,100000
F2,0.1,S1 origin only (unpinned),0.90103,0.8991636893886567,0.9028654998580093,0.9,100000
F2,0.1,S2 origin + pinning service (assumed A=0.999),0.99994,0.9998690885291517,0.9999725015563237,,100000
F2,0.1,S3 cluster pinning k=2,0.99502,0.9945642767696032,0.9954376913147909,0.9947368421052631,100000
F2,0.1,S3 cluster pinning k=3,1.0,0.9999615854757326,1.0,1.0,100000
F2,0.1,S3 cluster pinning k=5,1.0,0.9999615854757326,1.0,1.0,100000
F2,0.1,S4 cluster pinning k=3 rack-aware,1.0,0.9999615854757326,1.0,,100000
F2,0.2,S1 origin only (unpinned),0.80111,0.7986244026320176,0.8035724633731779,0.8,100000
F2,0.2,S2 origin + pinning service (assumed A=0.999),0.99985,0.9997525041074368,0.999909092892653,,100000
F2,0.2,S3 cluster pinning k=2,0.96853,0.9674297887356423,0.9695942145502475,0.968421052631579,100000
F2,0.2,S3 cluster pinning k=3,0.99642,0.9960302615204214,0.9967715990033047,0.9964912280701754,100000
F2,0.2,S3 cluster pinning k=5,1.0,0.9999615854757326,1.0,1.0,100000
F2,0.2,S4 cluster pinning k=3 rack-aware,0.99638,0.9959882110251196,0.9967336525717686,,100000
F2,0.3,S1 origin only (unpinned),0.70053,0.6976834669119644,0.7033611265589329,0.7,100000
F2,0.3,S2 origin + pinning service (assumed A=0.999),0.99972,0.9995953446823458,0.9998062623055204,,100000
F2,0.3,S3 cluster pinning k=2,0.9206,0.9189080757759601,0.9222596099262258,0.9210526315789473,100000
F2,0.3,S3 cluster pinning k=3,0.98168,0.980830109885393,0.9824928830985086,0.9824561403508771,100000
F2,0.3,S3 cluster pinning k=5,0.99958,0.9994323735837255,0.9996892441602073,0.9996130030959752,100000
F2,0.3,S4 cluster pinning k=3 rack-aware,0.98298,0.9821595541047492,0.9837633390013891,,100000
F2,0.4,S1 origin only (unpinned),0.59701,0.5939661865385789,0.6000463602754228,0.6,100000
F2,0.4,S2 origin + pinning service (assumed A=0.999),0.9997,0.9995717658454986,0.9997898426789484,,100000
F2,0.4,S3 cluster pinning k=2,0.85315,0.8509425900948068,0.855330277726703,0.8526315789473684,100000
F2,0.4,S3 cluster pinning k=3,0.95097,0.9496142375620905,0.9522911148418914,0.9508771929824561,100000
F2,0.4,S3 cluster pinning k=5,0.99637,0.9959777001898455,0.996724164175333,0.9963880288957688,100000
F2,0.4,S4 cluster pinning k=3 rack-aware,0.94982,0.9484494981514431,0.9511559426059448,,100000
F2,0.5,S1 origin only (unpinned),0.49981,0.4967110349400255,0.5029089796574937,0.5,100000
F2,0.5,S2 origin + pinning service (assumed A=0.999),0.99948,0.9993182177720704,0.9996034076547672,,100000
F2,0.5,S3 cluster pinning k=2,0.76666,0.7640282733907595,0.7692712393751582,0.7631578947368421,100000
F2,0.5,S3 cluster pinning k=3,0.89519,0.8932762753183453,0.8970733626099642,0.8947368421052632,100000
F2,0.5,S3 cluster pinning k=5,0.98399,0.9831932588030932,0.9847495567057063,0.9837461300309598,100000
F2,0.5,S4 cluster pinning k=3 rack-aware,0.89427,0.8923489772121141,0.8961607313989198,,100000
F3,0.1,S1 origin only (unpinned),0.90207,0.9002123368002987,0.9038967725441568,,100000
F3,0.1,S2 origin + pinning service (assumed A=0.999),0.99991,0.9998289432878344,0.9999526491025121,,100000
F3,0.1,S3 cluster pinning k=2,0.98107,0.9802066750818316,0.9818963647677895,,100000
F3,0.1,S3 cluster pinning k=3,0.99498,0.9945225401447038,0.9953994310128522,,100000
F3,0.1,S3 cluster pinning k=5,0.99937,0.999194120119034,0.999507513758999,,100000
F3,0.1,S4 cluster pinning k=3 rack-aware,0.99924,0.9990489480009903,0.9993926958648189,,100000
F3,0.2,S1 origin only (unpinned),0.81097,0.8085313281801938,0.8133847802905831,,100000
F3,0.2,S2 origin + pinning service (assumed A=0.999),0.9998,0.9996910786724872,0.999870522169055,,100000
F3,0.2,S3 cluster pinning k=2,0.9494,0.9480241644887266,0.9507413085368617,,100000
F3,0.2,S3 cluster pinning k=3,0.98275,0.9819242604154582,0.9835386503613613,,100000
F3,0.2,S3 cluster pinning k=5,0.99692,0.9965569390978404,0.9972448830113616,,100000
F3,0.2,S4 cluster pinning k=3 rack-aware,0.99292,0.9923810572174532,0.9934210722079428,,100000
F3,0.3,S1 origin only (unpinned),0.7215,0.7187131822595136,0.7242698001062358,,100000
F3,0.3,S2 origin + pinning service (assumed A=0.999),0.99975,0.9996309535545685,0.999830651128426,,100000
F3,0.3,S3 cluster pinning k=2,0.90389,0.9020476238942124,0.9057013456213746,,100000
F3,0.3,S3 cluster pinning k=3,0.96122,0.9600055126318363,0.9623990522743981,,100000
F3,0.3,S3 cluster pinning k=5,0.99039,0.9897662067046054,0.9909761170982834,,100000
F3,0.3,S4 cluster pinning k=3 rack-aware,0.97892,0.9780110709247276,0.9797921341073479,,100000
F3,0.4,S1 origin only (unpinned),0.6404,0.6374203122463322,0.6433689009552535,,100000
F3,0.4,S2 origin + pinning service (assumed A=0.999),0.99973,0.9996071805170424,0.9998144257025331,,100000
F3,0.4,S3 cluster pinning k=2,0.8471,0.84485604128306,0.8493172913541934,,100000
F3,0.4,S3 cluster pinning k=3,0.92879,0.9271794847109884,0.9303675717612903,,100000
F3,0.4,S3 cluster pinning k=5,0.97856,0.9776436813718986,0.9794395513186344,,100000
F3,0.4,S4 cluster pinning k=3 rack-aware,0.95391,0.9525928610102665,0.955192265516313,,100000
F3,0.5,S1 origin only (unpinned),0.56341,0.5603336124760397,0.5664815157939925,,100000
F3,0.5,S2 origin + pinning service (assumed A=0.999),0.9995,0.9993409339985017,0.9996206898917551,,100000
F3,0.5,S3 cluster pinning k=2,0.78578,0.7832261044028944,0.7883119393916153,,100000
F3,0.5,S3 cluster pinning k=3,0.88584,0.8838541417944548,0.8877962144854583,,100000
F3,0.5,S3 cluster pinning k=5,0.95957,0.9583314367150343,0.9607732549591305,,100000
F3,0.5,S4 cluster pinning k=3 rack-aware,0.91533,0.9135885255895855,0.9170395650016863,,100000
